{
  "i18n/i18n.properties": 1620829309409,
  "controller/View1.controller.js": 1620828533368,
  "model/models.js": 1620828533368,
  "manifest.json": 1620908732893,
  "Component.js": 1620842198937,
  "manifest-bundle.zip": 1620908732688,
  "Component-preload.js": 1620908732858,
  "controller/View1-dbg.controller.js": 1620828533368,
  "model/models-dbg.js": 1620828533368,
  "Component-dbg.js": 1620842198937,
  "resources.json": 1620908732896,
  "view/View1.view.xml": 1620908676049,
  "css/style.css": 1620828533368,
  "index.html": 1620828533368
}